<?xml version="1.0" encoding="UTF-8"?>
<project-private xmlns="http://www.netbeans.org/ns/project-private/1">
    <editor-bookmarks xmlns="http://www.netbeans.org/ns/editor-bookmarks/2" lastBookmarkId="0"/>
    <open-files xmlns="http://www.netbeans.org/ns/projectui-open-files/2">
        <group>
            <file>file:/C:/xampp/htdocs/gulp-css/assets/scss/theme/path.scss</file>
            <file>file:/C:/xampp/htdocs/gulp-css/assets/scss/theme/header.scss</file>
            <file>file:/C:/xampp/htdocs/gulp-css/assets/scss/theme/footer.scss</file>
            <file>file:/C:/xampp/htdocs/gulp-css/assets/scss/theme/variable.scss</file>
            <file>file:/C:/xampp/htdocs/gulp-css/assets/index.html</file>
            <file>file:/C:/xampp/htdocs/gulp-css/assets/scss/styles.scss</file>
            <file>file:/C:/xampp/htdocs/gulp-css/assets/scss/theme/mixin.scss</file>
            <file>file:/C:/xampp/htdocs/gulp-css/gulpfile.js</file>
        </group>
    </open-files>
</project-private>
